2026-05-18_17-48-32,0,draft.go:2026-05-18_17-48-32
2026-05-18_17-49-39,0,draft.go:2026-05-18_17-49-39
2026-05-18_17-49-58,---,draft.go:2026-05-18_17-49-58
2026-05-18_17-50-09,0,draft.go:2026-05-18_17-49-58
2026-05-18_17-52-06,60,draft.go:2026-05-18_17-52-06
2026-05-18_17-52-25,60,draft.go:2026-05-18_17-52-06
2026-05-18_17-52-41,60,draft.go:2026-05-18_17-52-41
2026-05-18_17-53-10,60,draft.go:2026-05-18_17-53-10
2026-05-18_17-55-27,0,draft.go:2026-05-18_17-55-27
2026-05-18_17-55-32,0,draft.go:2026-05-18_17-55-27
2026-05-18_17-57-39,100,draft.go:2026-05-18_17-57-39
2026-05-18_17-58-29,0,draft.go:2026-05-18_17-58-29
2026-05-18_18-00-19,60,draft.go:2026-05-18_18-00-19
2026-05-18_18-01-18,60,draft.go:2026-05-18_18-01-18
2026-05-18_18-01-41,60,draft.go:2026-05-18_18-01-41
2026-05-18_18-03-36,0,draft.go:2026-05-18_18-03-36
2026-05-18_18-03-42,60,draft.go:2026-05-18_18-03-42
2026-05-18_18-05-01,60,draft.go:2026-05-18_18-05-01
2026-05-18_18-07-47,60,draft.go:2026-05-18_18-07-47
2026-05-18_18-08-23,60,draft.go:2026-05-18_18-07-47
2026-05-18_18-09-04,60,draft.go:2026-05-18_18-07-47
2026-05-19_17-12-11,60,draft.go:2026-05-18_18-07-47
2026-05-19_17-18-37,60,draft.go:2026-05-19_17-18-37
2026-05-19_17-21-21,100,draft.go:2026-05-19_17-21-21
