2026-04-06_17-12-02,0,draft.go:2026-04-06_17-12-02
2026-04-06_17-12-16,20,draft.go:2026-04-06_17-12-16
2026-04-06_17-13-42,0,draft.go:2026-04-06_17-13-42
2026-04-06_17-14-02,40,draft.go:2026-04-06_17-14-02
2026-04-07_16-57-30,---,draft.go:2026-04-06_17-14-02
2026-04-07_17-02-04,40,draft.go:2026-04-07_17-02-04
2026-04-07_17-02-44,40,draft.go:2026-04-07_17-02-44
2026-04-07_17-02-52,60,draft.go:2026-04-07_17-02-52
2026-04-07_17-03-49,60,draft.go:2026-04-07_17-03-49
2026-04-07_17-04-08,60,draft.go:2026-04-07_17-04-08
2026-04-07_17-06-25,60,draft.go:2026-04-07_17-06-25
2026-04-07_17-07-02,60,draft.go:2026-04-07_17-07-02
2026-04-07_17-07-54,60,draft.go:2026-04-07_17-07-54
2026-04-07_17-10-53,100,draft.go:2026-04-07_17-10-53
