2026-03-16_17-23-47,0,draft.go:2026-03-16_17-23-47
2026-03-16_17-23-52,---,draft.go:2026-03-16_17-23-47
2026-03-16_17-34-08,0,draft.go:2026-03-16_17-34-08
2026-03-16_17-34-55,0,draft.go:2026-03-16_17-34-55
2026-03-16_17-37-16,0,draft.go:2026-03-16_17-37-16
2026-03-16_17-39-04,42,draft.go:2026-03-16_17-39-04
2026-03-16_17-39-49,28,draft.go:2026-03-16_17-39-49
2026-03-16_17-40-28,0,draft.go:2026-03-16_17-40-28
2026-03-16_17-40-37,0,draft.go:2026-03-16_17-40-37
2026-03-16_17-40-45,0,draft.go:2026-03-16_17-40-37
2026-03-16_17-41-32,0,draft.go:2026-03-16_17-41-32
2026-03-16_17-41-49,100,draft.go:2026-03-16_17-41-49
