2026-04-14_17-47-48,0,draft.go:2026-04-14_17-47-48
2026-05-05_17-52-56,0,draft.go:2026-04-14_17-47-48
2026-05-05_17-53-33,0,draft.go:2026-05-05_17-53-33
2026-05-05_17-53-47,0,draft.go:2026-05-05_17-53-47
2026-05-05_17-54-05,0,draft.go:2026-05-05_17-53-47
2026-05-05_17-54-17,0,draft.go:2026-05-05_17-53-47
2026-05-05_17-54-17,---,draft.go:2026-05-05_17-53-47
2026-05-05_17-54-27,0,draft.go:2026-05-05_17-53-47
2026-05-05_17-55-28,0,draft.go:2026-05-05_17-55-28
2026-05-05_17-55-42,0,draft.go:2026-05-05_17-55-42
2026-05-05_17-56-00,0,draft.go:2026-05-05_17-56-00
