2026-04-07_17-35-25,0,draft.go:2026-04-07_17-35-25
2026-04-07_17-36-20,0,draft.go:2026-04-07_17-36-20
2026-04-07_17-37-47,0,draft.go:2026-04-07_17-37-47
2026-04-07_17-38-08,---,draft.go:2026-04-07_17-37-47
2026-04-07_17-40-00,0,draft.go:2026-04-07_17-40-00
2026-04-07_17-40-31,0,draft.go:2026-04-07_17-40-31
2026-04-07_17-41-34,0,draft.go:2026-04-07_17-41-34
2026-04-07_17-41-48,0,draft.go:2026-04-07_17-41-48
2026-04-07_17-42-11,42,draft.go:2026-04-07_17-42-11
2026-04-07_17-43-00,71,draft.go:2026-04-07_17-43-00
2026-04-07_17-45-24,71,draft.go:2026-04-07_17-45-24
2026-04-07_17-48-25,---,draft.go:2026-04-07_17-48-25
2026-04-07_17-49-25,71,draft.go:2026-04-07_17-48-25
2026-04-07_17-54-34,100,draft.go:2026-04-07_17-54-34
